{
    "rmse": 0.7145948803228878,
    "mae": 0.5560816405551176,
    "r2": 0.25804507053833436
}